{
  "ModId": "p3rpc.skins.pq2partypanels_femc_outlines",
  "ModName": "PQ2 Party Panels - Femc (Colored Outlines)",
  "ModAuthor": "junior",
  "ModVersion": "1.0.0",
  "ModDescription": "Template for a Reloaded Mod Configuration",
  "ModDll": "",
  "ModIcon": "junpeipanel.png",
  "ModR2RManagedDll32": "",
  "ModR2RManagedDll64": "",
  "ModNativeDll32": "",
  "ModNativeDll64": "",
  "Tags": [],
  "CanUnload": null,
  "HasExports": null,
  "IsLibrary": false,
  "ReleaseMetadataFileName": "p3rpc.skins.pq2partypanels_femc_outlines.ReleaseMetadata.json",
  "PluginData": {},
  "IsUniversalMod": false,
  "ModDependencies": [
    "p3rpc.femc",
    "UnrealEssentials"
  ],
  "OptionalDependencies": [],
  "SupportedAppId": [
    "p3r.exe"
  ],
  "ProjectUrl": ""
}